Train_Augmented/pass3.jpg_trans_0.jpg,386,677,464,706,surname
Train_Augmented/pass3.jpg_trans_0.jpg,159,916,799,1009,id
Train_Augmented/pass3.jpg_trans_1.jpg,386,677,464,706,surname
Train_Augmented/pass3.jpg_trans_1.jpg,159,916,799,1009,id
Train_Augmented/pass3.jpg_trans_2.jpg,386,677,464,706,surname
Train_Augmented/pass3.jpg_trans_2.jpg,159,916,799,1009,id
Train_Augmented/pass3.jpg_trans_3.jpg,386,677,464,706,surname
Train_Augmented/pass3.jpg_trans_3.jpg,159,916,799,1009,id
Train_Augmented/pass3.jpg_trans_4.jpg,386,677,464,706,surname
Train_Augmented/pass3.jpg_trans_4.jpg,159,916,799,1009,id
Train_Augmented/pass3.jpg_trans_5.jpg,386,677,464,706,surname
Train_Augmented/pass3.jpg_trans_5.jpg,159,916,799,1009,id
Train_Augmented/pass3.jpg_trans_6.jpg,386,677,464,706,surname
Train_Augmented/pass3.jpg_trans_6.jpg,159,916,799,1009,id
Train_Augmented/pass3.jpg_trans_7.jpg,386,677,464,706,surname
Train_Augmented/pass3.jpg_trans_7.jpg,159,916,799,1009,id
Train_Augmented/pass3.jpg_trans_8.jpg,386,677,464,706,surname
Train_Augmented/pass3.jpg_trans_8.jpg,159,916,799,1009,id
Train_Augmented/pass3.jpg_trans_9.jpg,386,677,464,706,surname
Train_Augmented/pass3.jpg_trans_9.jpg,159,916,799,1009,id
Train_Augmented/pass6.jpg_trans_0.jpg,329,693,427,714,surname
Train_Augmented/pass6.jpg_trans_0.jpg,75,1009,819,1096,id
Train_Augmented/pass6.jpg_trans_1.jpg,329,693,427,714,surname
Train_Augmented/pass6.jpg_trans_1.jpg,75,1009,819,1096,id
Train_Augmented/pass6.jpg_trans_2.jpg,329,693,427,714,surname
Train_Augmented/pass6.jpg_trans_2.jpg,75,1009,819,1096,id
Train_Augmented/pass6.jpg_trans_3.jpg,329,693,427,714,surname
Train_Augmented/pass6.jpg_trans_3.jpg,75,1009,819,1096,id
Train_Augmented/pass6.jpg_trans_4.jpg,329,693,427,714,surname
Train_Augmented/pass6.jpg_trans_4.jpg,75,1009,819,1096,id
Train_Augmented/pass6.jpg_trans_5.jpg,329,693,427,714,surname
Train_Augmented/pass6.jpg_trans_5.jpg,75,1009,819,1096,id
Train_Augmented/pass6.jpg_trans_6.jpg,329,693,427,714,surname
Train_Augmented/pass6.jpg_trans_6.jpg,75,1009,819,1096,id
Train_Augmented/pass6.jpg_trans_7.jpg,329,693,427,714,surname
Train_Augmented/pass6.jpg_trans_7.jpg,75,1009,819,1096,id
Train_Augmented/pass6.jpg_trans_8.jpg,329,693,427,714,surname
Train_Augmented/pass6.jpg_trans_8.jpg,75,1009,819,1096,id
Train_Augmented/pass6.jpg_trans_9.jpg,329,693,427,714,surname
Train_Augmented/pass6.jpg_trans_9.jpg,75,1009,819,1096,id
Train_Augmented/pass9.jpg_trans_0.jpg,331,596,424,638,surname
Train_Augmented/pass9.jpg_trans_0.jpg,102,916,781,1009,id
Train_Augmented/pass9.jpg_trans_1.jpg,331,596,424,638,surname
Train_Augmented/pass9.jpg_trans_1.jpg,102,916,781,1009,id
Train_Augmented/pass9.jpg_trans_2.jpg,331,596,424,638,surname
Train_Augmented/pass9.jpg_trans_2.jpg,102,916,781,1009,id
Train_Augmented/pass9.jpg_trans_3.jpg,331,596,424,638,surname
Train_Augmented/pass9.jpg_trans_3.jpg,102,916,781,1009,id
Train_Augmented/pass9.jpg_trans_4.jpg,331,596,424,638,surname
Train_Augmented/pass9.jpg_trans_4.jpg,102,916,781,1009,id
Train_Augmented/pass9.jpg_trans_5.jpg,331,596,424,638,surname
Train_Augmented/pass9.jpg_trans_5.jpg,102,916,781,1009,id
Train_Augmented/pass9.jpg_trans_6.jpg,331,596,424,638,surname
Train_Augmented/pass9.jpg_trans_6.jpg,102,916,781,1009,id
Train_Augmented/pass9.jpg_trans_7.jpg,331,596,424,638,surname
Train_Augmented/pass9.jpg_trans_7.jpg,102,916,781,1009,id
Train_Augmented/pass9.jpg_trans_8.jpg,331,596,424,638,surname
Train_Augmented/pass9.jpg_trans_8.jpg,102,916,781,1009,id
Train_Augmented/pass9.jpg_trans_9.jpg,331,596,424,638,surname
Train_Augmented/pass9.jpg_trans_9.jpg,102,916,781,1009,id
Train_Augmented/pass10.jpg_trans_0.jpg,316,704,403,738,surname
Train_Augmented/pass10.jpg_trans_0.jpg,41,1006,864,1096,id
Train_Augmented/pass10.jpg_trans_1.jpg,316,704,403,738,surname
Train_Augmented/pass10.jpg_trans_1.jpg,41,1006,864,1096,id
Train_Augmented/pass10.jpg_trans_2.jpg,316,704,403,738,surname
Train_Augmented/pass10.jpg_trans_2.jpg,41,1006,864,1096,id
Train_Augmented/pass10.jpg_trans_3.jpg,316,704,403,738,surname
Train_Augmented/pass10.jpg_trans_3.jpg,41,1006,864,1096,id
Train_Augmented/pass10.jpg_trans_4.jpg,316,704,403,738,surname
Train_Augmented/pass10.jpg_trans_4.jpg,41,1006,864,1096,id
Train_Augmented/pass10.jpg_trans_5.jpg,316,704,403,738,surname
Train_Augmented/pass10.jpg_trans_5.jpg,41,1006,864,1096,id
Train_Augmented/pass10.jpg_trans_6.jpg,316,704,403,738,surname
Train_Augmented/pass10.jpg_trans_6.jpg,41,1006,864,1096,id
Train_Augmented/pass10.jpg_trans_7.jpg,316,704,403,738,surname
Train_Augmented/pass10.jpg_trans_7.jpg,41,1006,864,1096,id
Train_Augmented/pass10.jpg_trans_8.jpg,316,704,403,738,surname
Train_Augmented/pass10.jpg_trans_8.jpg,41,1006,864,1096,id
Train_Augmented/pass10.jpg_trans_9.jpg,316,704,403,738,surname
Train_Augmented/pass10.jpg_trans_9.jpg,41,1006,864,1096,id
Train_Augmented/pass4.jpg_trans_0.jpg,301,697,398,742,surname
Train_Augmented/pass4.jpg_trans_0.jpg,13,1147,770,1200,id
Train_Augmented/pass4.jpg_trans_1.jpg,301,697,398,742,surname
Train_Augmented/pass4.jpg_trans_1.jpg,13,1147,770,1200,id
Train_Augmented/pass4.jpg_trans_2.jpg,301,697,398,742,surname
Train_Augmented/pass4.jpg_trans_2.jpg,13,1147,770,1200,id
Train_Augmented/pass4.jpg_trans_3.jpg,301,697,398,742,surname
Train_Augmented/pass4.jpg_trans_3.jpg,13,1147,770,1200,id
Train_Augmented/pass4.jpg_trans_4.jpg,301,697,398,742,surname
Train_Augmented/pass4.jpg_trans_4.jpg,13,1147,770,1200,id
Train_Augmented/pass4.jpg_trans_5.jpg,301,697,398,742,surname
Train_Augmented/pass4.jpg_trans_5.jpg,13,1147,770,1200,id
Train_Augmented/pass4.jpg_trans_6.jpg,301,697,398,742,surname
Train_Augmented/pass4.jpg_trans_6.jpg,13,1147,770,1200,id
Train_Augmented/pass4.jpg_trans_7.jpg,301,697,398,742,surname
Train_Augmented/pass4.jpg_trans_7.jpg,13,1147,770,1200,id
Train_Augmented/pass4.jpg_trans_8.jpg,301,697,398,742,surname
Train_Augmented/pass4.jpg_trans_8.jpg,13,1147,770,1200,id
Train_Augmented/pass4.jpg_trans_9.jpg,301,697,398,742,surname
Train_Augmented/pass4.jpg_trans_9.jpg,13,1147,770,1200,id
Train_Augmented/pass5.jpg_trans_0.jpg,329,695,489,735,surname
Train_Augmented/pass5.jpg_trans_0.jpg,56,1054,817,1162,id
Train_Augmented/pass5.jpg_trans_1.jpg,329,695,489,735,surname
Train_Augmented/pass5.jpg_trans_1.jpg,56,1054,817,1162,id
Train_Augmented/pass5.jpg_trans_2.jpg,329,695,489,735,surname
Train_Augmented/pass5.jpg_trans_2.jpg,56,1054,817,1162,id
Train_Augmented/pass5.jpg_trans_3.jpg,329,695,489,735,surname
Train_Augmented/pass5.jpg_trans_3.jpg,56,1054,817,1162,id
Train_Augmented/pass5.jpg_trans_4.jpg,329,695,489,735,surname
Train_Augmented/pass5.jpg_trans_4.jpg,56,1054,817,1162,id
Train_Augmented/pass5.jpg_trans_5.jpg,329,695,489,735,surname
Train_Augmented/pass5.jpg_trans_5.jpg,56,1054,817,1162,id
Train_Augmented/pass5.jpg_trans_6.jpg,329,695,489,735,surname
Train_Augmented/pass5.jpg_trans_6.jpg,56,1054,817,1162,id
Train_Augmented/pass5.jpg_trans_7.jpg,329,695,489,735,surname
Train_Augmented/pass5.jpg_trans_7.jpg,56,1054,817,1162,id
Train_Augmented/pass5.jpg_trans_8.jpg,329,695,489,735,surname
Train_Augmented/pass5.jpg_trans_8.jpg,56,1054,817,1162,id
Train_Augmented/pass5.jpg_trans_9.jpg,329,695,489,735,surname
Train_Augmented/pass5.jpg_trans_9.jpg,56,1054,817,1162,id
Train_Augmented/pass8.jpg_trans_0.jpg,336,674,387,712,surname
Train_Augmented/pass8.jpg_trans_0.jpg,58,1045,800,1130,id
Train_Augmented/pass8.jpg_trans_1.jpg,336,674,387,712,surname
Train_Augmented/pass8.jpg_trans_1.jpg,58,1045,800,1130,id
Train_Augmented/pass8.jpg_trans_2.jpg,336,674,387,712,surname
Train_Augmented/pass8.jpg_trans_2.jpg,58,1045,800,1130,id
Train_Augmented/pass8.jpg_trans_3.jpg,336,674,387,712,surname
Train_Augmented/pass8.jpg_trans_3.jpg,58,1045,800,1130,id
Train_Augmented/pass8.jpg_trans_4.jpg,336,674,387,712,surname
Train_Augmented/pass8.jpg_trans_4.jpg,58,1045,800,1130,id
Train_Augmented/pass8.jpg_trans_5.jpg,336,674,387,712,surname
Train_Augmented/pass8.jpg_trans_5.jpg,58,1045,800,1130,id
Train_Augmented/pass8.jpg_trans_6.jpg,336,674,387,712,surname
Train_Augmented/pass8.jpg_trans_6.jpg,58,1045,800,1130,id
Train_Augmented/pass8.jpg_trans_7.jpg,336,674,387,712,surname
Train_Augmented/pass8.jpg_trans_7.jpg,58,1045,800,1130,id
Train_Augmented/pass8.jpg_trans_8.jpg,336,674,387,712,surname
Train_Augmented/pass8.jpg_trans_8.jpg,58,1045,800,1130,id
Train_Augmented/pass8.jpg_trans_9.jpg,336,674,387,712,surname
Train_Augmented/pass8.jpg_trans_9.jpg,58,1045,800,1130,id
